<?xml version="1.0" encoding="UTF-8"?>
<project-private xmlns="http://www.netbeans.org/ns/project-private/1">
    <editor-bookmarks xmlns="http://www.netbeans.org/ns/editor-bookmarks/2" lastBookmarkId="0"/>
    <open-files xmlns="http://www.netbeans.org/ns/projectui-open-files/2">
        <group>
            <file>file:/C:/PROG2240%20-%20Java/SKPCAssignment4/SKPCClub/web/SKPCAdmin.jsp</file>
            <file>file:/C:/PROG2240%20-%20Java/SKPCAssignment4/SKPCClub/src/java/club/business/Member.java</file>
            <file>file:/C:/PROG2240%20-%20Java/SKPCAssignment4/SKPCClub/web/SKPCAddMember.jsp</file>
            <file>file:/C:/PROG2240%20-%20Java/SKPCAssignment4/SKPCClub/web/SKPCRemoveMember.jsp</file>
            <file>file:/C:/PROG2240%20-%20Java/SKPCAssignment4/SKPCClub/web/SKPCDisplayMember.jsp</file>
            <file>file:/C:/PROG2240%20-%20Java/SKPCAssignment4/SKPCClub/web/SKPCDisplayMembers.jsp</file>
            <file>file:/C:/PROG2240%20-%20Java/SKPCAssignment4/SKPCClub/web/SKPCEditMember.jsp</file>
            <file>file:/C:/PROG2240%20-%20Java/SKPCAssignment4/SKPCClub/web/META-INF/context.xml</file>
            <file>file:/C:/PROG2240%20-%20Java/SKPCAssignment4/SKPCClub/test/club/business/SKPCMemberTest.java</file>
            <file>file:/C:/PROG2240%20-%20Java/SKPCAssignment4/SKPCClub/src/java/club/admin/SKPCMemberAdminController.java</file>
        </group>
    </open-files>
</project-private>
